<?xml version="1.0" encoding="UTF-8"?>
<!DOCTYPE QueueManagerHandles SYSTEM "WMQ_Handles.dtd">
<QueueManagerHandles>
<QueueManagerHandle commandLevel="750" connnectionType="2" name="MBP01" platform="3" uuid="MBP01_2011-08-26_11.21.14" visible="1" refreshInterval="300" autoReconnect="1" expiryInterval="300" waitInterval="30" connName="MBP01(1414)" channel="SYSTEM.BKR.CONFIG" securityExitName="" securityExitLocation="" securityExitData="" userid="" password="" sslCipherSuite="" sslFipsRequired="0" sslPeerName="" sslResetCount="0" sslPersonalStore="" sslPersonalStorePw="" sslTrustedStore="" sslTrustedStorePw="" uniqueId="MBP01/MBP01/1414/SYSTEM.BKR.CONFIG"/>
<QueueManagerHandle commandLevel="750" connnectionType="2" name="MBP02" platform="3" uuid="MBP02_2011-09-07_08.16.09" visible="1" refreshInterval="300" autoReconnect="0" expiryInterval="300" waitInterval="30" connName="MBP02(1414)" channel="CLIENT.TO.MBP02" securityExitName="" securityExitLocation="" securityExitData="" userid="" password="" sslCipherSuite="" sslFipsRequired="0" sslPeerName="" sslResetCount="0" sslPersonalStore="" sslPersonalStorePw="" sslTrustedStore="" sslTrustedStorePw="" uniqueId="MBP02/MBP02/1414/CLIENT.TO.MBP02"/>
<QueueManagerHandle commandLevel="750" connnectionType="2" name="MBP03" platform="3" uuid="MBP03_2014-06-20_11.34.47" visible="1" refreshInterval="300" autoReconnect="0" expiryInterval="300" waitInterval="30" connName="MBP03(1414)" channel="CLIENT.TO.MBP03" securityExitName="" securityExitLocation="" securityExitData="" userid="" password="" sslCipherSuite="" sslFipsRequired="0" sslPeerName="" sslResetCount="0" sslPersonalStore="" sslPersonalStorePw="" sslTrustedStore="" sslTrustedStorePw="" uniqueId="MBP03/MBP03/1414/CLIENT.TO.MBP03"/>
<QueueManagerHandle commandLevel="750" connnectionType="2" name="MBPA01" platform="3" uuid="MBPA01_2011-08-29_08.43.47" visible="1" refreshInterval="300" autoReconnect="0" expiryInterval="300" waitInterval="30" connName="MBPA01(1414)" channel="CLIENT.TO.MBPA01" securityExitName="" securityExitLocation="" securityExitData="" userid="" password="" sslCipherSuite="" sslFipsRequired="0" sslPeerName="" sslResetCount="0" sslPersonalStore="" sslPersonalStorePw="" sslTrustedStore="" sslTrustedStorePw="" uniqueId="MBPA01/MBPA01/1414/CLIENT.TO.MBPA01"/>
<QueueManagerHandle commandLevel="750" connnectionType="2" name="MBMA02" platform="3" uuid="MBMA02_2011-08-19_15.06.04" visible="1" refreshInterval="300" autoReconnect="0" expiryInterval="300" waitInterval="30" connName="MBMA02(1414)" channel="CLIENT.TO.MBMA02" securityExitName="" securityExitLocation="" securityExitData="" userid="" password="" sslCipherSuite="" sslFipsRequired="0" sslPeerName="" sslResetCount="0" sslPersonalStore="" sslPersonalStorePw="" sslTrustedStore="" sslTrustedStorePw="" uniqueId="MBMA02/MBMA02/1414/CLIENT.TO.MBMA02"/>
<QueueManagerHandle commandLevel="750" connnectionType="2" name="MBPA03" platform="3" uuid="MBPA03_2014-09-25_13.18.42" visible="1" refreshInterval="300" autoReconnect="0" expiryInterval="300" waitInterval="30" connName="MBPA03(1414)" channel="CLIENT.TO.MBPA03" securityExitName="" securityExitLocation="" securityExitData="" userid="" password="" sslCipherSuite="" sslFipsRequired="0" sslPeerName="" sslResetCount="0" sslPersonalStore="" sslPersonalStorePw="" sslTrustedStore="" sslTrustedStorePw="" uniqueId="MBPA03/MBPA03/1414/CLIENT.TO.MBPA03"/>
<QueueManagerHandle commandLevel="750" connnectionType="2" name="MBM01" platform="3" uuid="MBM01_2011-08-04_14.33.45" visible="1" refreshInterval="300" autoReconnect="0" expiryInterval="300" waitInterval="30" connName="MBM01(1414)" channel="CLIENT.TO.MBM01" securityExitName="" securityExitLocation="" securityExitData="" userid="" password="" sslCipherSuite="" sslFipsRequired="0" sslPeerName="" sslResetCount="0" sslPersonalStore="" sslPersonalStorePw="" sslTrustedStore="" sslTrustedStorePw="" uniqueId="MBM01/MBM01/1414/CLIENT.TO.MBM01"/>
<QueueManagerHandle commandLevel="750" connnectionType="2" name="MBM02" platform="3" uuid="MBM02_2011-08-24_08.25.31" visible="1" refreshInterval="300" autoReconnect="0" expiryInterval="300" waitInterval="30" connName="MBM02(1414)" channel="CLIENT.TO.MBM02" securityExitName="" securityExitLocation="" securityExitData="" userid="" password="" sslCipherSuite="" sslFipsRequired="0" sslPeerName="" sslResetCount="0" sslPersonalStore="" sslPersonalStorePw="" sslTrustedStore="" sslTrustedStorePw="" uniqueId="MBM02/MBM02/1414/CLIENT.TO.MBM02"/>
<QueueManagerHandle commandLevel="750" connnectionType="2" name="MBM03" platform="3" uuid="MBM03_2014-06-20_11.34.29" visible="1" refreshInterval="300" autoReconnect="0" expiryInterval="300" waitInterval="30" connName="MBM03(1414)" channel="CLIENT.TO.MBM03" securityExitName="" securityExitLocation="" securityExitData="" userid="" password="" sslCipherSuite="" sslFipsRequired="0" sslPeerName="" sslResetCount="0" sslPersonalStore="" sslPersonalStorePw="" sslTrustedStore="" sslTrustedStorePw="" uniqueId="MBM03/MBM03/1414/CLIENT.TO.MBM03"/>
<QueueManagerHandle commandLevel="750" connnectionType="2" name="MBMA03" platform="3" uuid="MBMA03_2014-09-23_09.34.25" visible="1" refreshInterval="300" autoReconnect="0" expiryInterval="300" waitInterval="30" connName="MBMA03(1414)" channel="CLIENT.TO.MBMA03" securityExitName="" securityExitLocation="" securityExitData="" userid="" password="" sslCipherSuite="" sslFipsRequired="0" sslPeerName="" sslResetCount="0" sslPersonalStore="" sslPersonalStorePw="" sslTrustedStore="" sslTrustedStorePw="" uniqueId="MBMA03/MBMA03/1414/CLIENT.TO.MBMA03"/>
<QueueManagerHandle commandLevel="750" connnectionType="2" name="MBMA01" platform="3" uuid="MBMA01_2011-08-19_16.09.50" visible="1" refreshInterval="300" autoReconnect="0" expiryInterval="300" waitInterval="30" connName="MBMA01(1414)" channel="CLIENT.TO.MBMA01" securityExitName="" securityExitLocation="" securityExitData="" userid="" password="" sslCipherSuite="" sslFipsRequired="0" sslPeerName="" sslResetCount="0" sslPersonalStore="" sslPersonalStorePw="" sslTrustedStore="" sslTrustedStorePw="" uniqueId="MBMA01/MBMA01/1414/CLIENT.TO.MBMA01"/>
<QueueManagerHandle commandLevel="750" connnectionType="2" name="MBPA02" platform="3" uuid="MBPA02_2011-08-29_09.50.15" visible="1" refreshInterval="300" autoReconnect="0" expiryInterval="300" waitInterval="30" connName="MBPA02(1414)" channel="CLIENT.TO.MBPA02" securityExitName="" securityExitLocation="" securityExitData="" userid="" password="" sslCipherSuite="" sslFipsRequired="0" sslPeerName="" sslResetCount="0" sslPersonalStore="" sslPersonalStorePw="" sslTrustedStore="" sslTrustedStorePw="" uniqueId="MBPA02/MBPA02/1414/CLIENT.TO.MBPA02"/>
<QueueManagerHandle commandLevel="750" connnectionType="2" name="MBPCC01" platform="3" uuid="MBPCC01_2011-08-26_10.39.59" visible="1" refreshInterval="300" autoReconnect="0" expiryInterval="300" waitInterval="30" connName="MBPCC01(1414)" channel="CLIENT.TO.MBPCC01" securityExitName="" securityExitLocation="" securityExitData="" userid="" password="" sslCipherSuite="" sslFipsRequired="0" sslPeerName="" sslResetCount="0" sslPersonalStore="" sslPersonalStorePw="" sslTrustedStore="" sslTrustedStorePw="" uniqueId="MBPCC01/MBPCC01/1414/CLIENT.TO.MBPCC01"/>
<QueueManagerHandle commandLevel="750" connnectionType="2" name="MBPCCA01" platform="3" uuid="MBPCCA01_2011-08-26_10.55.25" visible="1" refreshInterval="300" autoReconnect="0" expiryInterval="300" waitInterval="30" connName="MBPCCA01(1414)" channel="CLIENT.TO.MBPCCA01" securityExitName="" securityExitLocation="" securityExitData="" userid="" password="" sslCipherSuite="" sslFipsRequired="0" sslPeerName="" sslResetCount="0" sslPersonalStore="" sslPersonalStorePw="" sslTrustedStore="" sslTrustedStorePw="" uniqueId="MBPCCA01/MBPCCA01/1414/CLIENT.TO.MBPCCA01"/>
<QueueManagerHandle commandLevel="750" connnectionType="2" name="MBD01" platform="3" uuid="MBD01_2012-08-09_16.15.31" visible="1" refreshInterval="300" autoReconnect="0" expiryInterval="300" waitInterval="30" connName="MBD01(1414)" channel="CLIENT.TO.MBD01" securityExitName="" securityExitLocation="" securityExitData="" userid="" password="" sslCipherSuite="" sslFipsRequired="0" sslPeerName="" sslResetCount="0" sslPersonalStore="" sslPersonalStorePw="" sslTrustedStore="" sslTrustedStorePw="" uniqueId="MBD01/MBD01/1414/CLIENT.TO.MBD01"/>
<QueueManagerHandle commandLevel="750" connnectionType="2" name="MBQIT01" platform="3" uuid="MBQIT01_2011-06-15_15.55.32" visible="1" refreshInterval="300" autoReconnect="0" expiryInterval="300" waitInterval="30" connName="MBQIT01(1414)" channel="CLIENT.TO.MBQIT01" securityExitName="" securityExitLocation="" securityExitData="" userid="" password="" sslCipherSuite="" sslFipsRequired="0" sslPeerName="" sslResetCount="0" sslPersonalStore="" sslPersonalStorePw="" sslTrustedStore="" sslTrustedStorePw="" uniqueId="MBQIT01/MBQIT01/1414/CLIENT.TO.MBQIT01"/>
<QueueManagerHandle commandLevel="750" connnectionType="2" name="MBMCC01" platform="3" uuid="MBMCC01_2011-07-19_15.59.04" visible="1" refreshInterval="300" autoReconnect="0" expiryInterval="300" waitInterval="30" connName="MBMCC01(1414)" channel="CLIENT.TO.MBMCC01" securityExitName="" securityExitLocation="" securityExitData="" userid="" password="" sslCipherSuite="" sslFipsRequired="0" sslPeerName="" sslResetCount="0" sslPersonalStore="" sslPersonalStorePw="" sslTrustedStore="" sslTrustedStorePw="" uniqueId="MBMCC01/MBMCC01/1414/CLIENT.TO.MBMCC01"/>
<QueueManagerHandle commandLevel="750" connnectionType="2" name="MBMCCA01" platform="3" uuid="MBMCCA01_2011-08-16_10.50.34" visible="1" refreshInterval="300" autoReconnect="0" expiryInterval="300" waitInterval="30" connName="MBMCCA01(1414)" channel="CLIENT.TO.MBMCCA01" securityExitName="" securityExitLocation="" securityExitData="" userid="" password="" sslCipherSuite="" sslFipsRequired="0" sslPeerName="" sslResetCount="0" sslPersonalStore="" sslPersonalStorePw="" sslTrustedStore="" sslTrustedStorePw="" uniqueId="MBMCCA01/MBMCCA01/1414/CLIENT.TO.MBMCCA01"/>
<QueueManagerHandle commandLevel="750" connnectionType="2" name="MBQBIT01" platform="3" uuid="MBQBIT01_2011-06-16_16.24.48" visible="1" refreshInterval="300" autoReconnect="0" expiryInterval="300" waitInterval="30" connName="MBQBIT01(1414)" channel="CLIENT.TO.MBQBIT01" securityExitName="" securityExitLocation="" securityExitData="" userid="" password="" sslCipherSuite="" sslFipsRequired="0" sslPeerName="" sslResetCount="0" sslPersonalStore="" sslPersonalStorePw="" sslTrustedStore="" sslTrustedStorePw="" uniqueId="MBQBIT01/MBQBIT01/1414/CLIENT.TO.MBQBIT01"/>
</QueueManagerHandles>
