<?xml version="1.0" encoding="UTF-8"?>
<Sets CollectionCount="1" FileVersion="1.0.0">
<Collection_0 Key="com.ibm.mq.explorer.qmgrs_@_com.ibm.mq.explorer.treenode.qmgrs" SetCount="6" SetsEnabled="1">
<Set_0 MembershipType="2" Name="All" ObjectType="Queue Manager" UniversalId="All_Wed Aug 23 17:30:11 EDT 2017"/>
<Set_1 MembershipListCount="1" MembershipList_0="MBD01_2012-08-09_16.15.31_@_MBD01 on &apos;MBD01(1414)&apos;" MembershipType="0" Name="ESB_DEV" ObjectType="Queue Manager" UniversalId="ESB_DEV_Wed Aug 23 17:30:30 EDT 2017"/>
<Set_2 MembershipListCount="8" MembershipList_0="MBP01_2011-08-26_11.21.14_@_MBP01 on &apos;MBP01(1414)&apos;" MembershipList_1="MBP02_2011-09-07_08.16.09_@_MBP02 on &apos;MBP02(1414)&apos;" MembershipList_2="MBP03_2014-06-20_11.34.47_@_MBP03 on &apos;MBP03(1414)&apos;" MembershipList_3="MBPA01_2011-08-29_08.43.47_@_MBPA01 on &apos;MBPA01(1414)&apos;" MembershipList_4="MBPA02_2011-08-29_09.50.15_@_MBPA02 on &apos;MBPA02(1414)&apos;" MembershipList_5="MBPA03_2014-09-25_13.18.42_@_MBPA03 on &apos;MBPA03(1414)&apos;" MembershipList_6="MBPCC01_2011-08-26_10.39.59_@_MBPCC01 on &apos;MBPCC01(1414)&apos;" MembershipList_7="MBPCCA01_2011-08-26_10.55.25_@_MBPCCA01 on &apos;MBPCCA01(1414)&apos;" MembershipType="0" Name="ESB_PROD" ObjectType="Queue Manager" UniversalId="ESB_PROD_Wed Aug 23 17:31:11 EDT 2017"/>
<Set_3 MembershipListCount="8" MembershipList_0="MBM01_2011-08-04_14.33.45_@_MBM01 on &apos;MBM01(1414)&apos;" MembershipList_1="MBM02_2011-08-24_08.25.31_@_MBM02 on &apos;MBM02(1414)&apos;" MembershipList_2="MBM03_2014-06-20_11.34.29_@_MBM03 on &apos;MBM03(1414)&apos;" MembershipList_3="MBMA01_2011-08-19_16.09.50_@_MBMA01 on &apos;MBMA01(1414)&apos;" MembershipList_4="MBMA02_2011-08-19_15.06.04_@_MBMA02 on &apos;MBMA02(1414)&apos;" MembershipList_5="MBMA03_2014-09-23_09.34.25_@_MBMA03 on &apos;MBMA03(1414)&apos;" MembershipList_6="MBMCC01_2011-07-19_15.59.04_@_MBMCC01 on &apos;MBMCC01(1414)&apos;" MembershipList_7="MBMCCA01_2011-08-16_10.50.34_@_MBMCCA01 on &apos;MBMCCA01(1414)&apos;" MembershipType="0" Name="ESB_UAT" ObjectType="Queue Manager" UniversalId="ESB_UAT_Wed Aug 23 17:31:51 EDT 2017"/>
<Set_4 MembershipListCount="1" MembershipList_0="MBQIT01_2011-06-15_15.55.32_@_MBQIT01 on &apos;MBQIT01(1414)&apos;" MembershipType="0" Name="ESB_INT" ObjectType="Queue Manager" UniversalId="ESB_INT_Wed Aug 23 17:32:32 EDT 2017"/>
<Set_5 MembershipListCount="1" MembershipList_0="MBQBIT01_2011-06-16_16.24.48_@_MBQBIT01 on &apos;MBQBIT01(1414)&apos;" MembershipType="0" Name="ESB_PRODSUPPORT" ObjectType="Queue Manager" UniversalId="ESB_PRODSUPPORT_Wed Aug 23 17:33:19 EDT 2017"/>
</Collection_0>
</Sets>